{
  "project_info": {
    "project_number": "931153235626",
    "firebase_url": "https://evpn-9ea84.firebaseio.com",
    "project_id": "evpn-9ea84",
    "storage_bucket": "evpn-9ea84.appspot.com"
  },
  "client": [
    {
      "client_info": {
        "mobilesdk_app_id": "1:931153235626:android:bb54bff785afc7f7",
        "android_client_info": {
          "package_name": "com.abc.evpn"
        }
      },
      "oauth_client": [
        {
          "client_id": "931153235626-pdb9l6igr27uko5e8lubuoopk5gag8pb.apps.googleusercontent.com",
          "client_type": 1,
          "android_info": {
            "package_name": "com.abc.evpn",
            "certificate_hash": "373d4fb9347cc81d5c7d8fd9372245f573587144"
          }
        },
        {
          "client_id": "931153235626-0sajiitguu2m8om2d2j3kdm9mp5bpjrm.apps.googleusercontent.com",
          "client_type": 3
        }
      ],
      "api_key": [
        {
          "current_key": "AIzaSyAe-I2TW-o5ZybLF-UHoaNOTmhm8RVJd2U"
        }
      ],
      "services": {
        "analytics_service": {
          "status": 1
        },
        "appinvite_service": {
          "status": 2,
          "other_platform_oauth_client": [
            {
              "client_id": "931153235626-0sajiitguu2m8om2d2j3kdm9mp5bpjrm.apps.googleusercontent.com",
              "client_type": 3
            }
          ]
        },
        "ads_service": {
          "status": 2
        }
      }
    }
  ],
  "configuration_version": "1"
}